Collection,Routine Completeness,Sub-Product,Product Type,Variant,Price,Key Attributes,Skin Type Fit,Concern/Notes,Primary Image
Essentials,Single products (non-line cleansers),Clarifying Cleansing Foam,Cleanser (foam),Standard,$39.00,Creamy foaming facial cleanser,Combination/Dry/Oily,Best Seller; Radiance,images/essentials/clarifying-cleansing-foam-0730852145290_1.jpg
Essentials,Single products (non-line cleansers),Essentials Perfect Cleansing Oil,Cleanser (oil),180mL,$39.00,Hydrating cleansing oil for makeup removal,Combination/Dry/Oily,Formula: Oil,images/essentials/perfect-cleansing-oil-9990000000122_1.jpg
Essentials,Single products (non-line cleansers),Essentials Perfect Cleansing Oil,Cleanser (oil),300mL,$55.00,Hydrating cleansing oil for makeup removal,Combination/Dry/Oily,Formula: Oil,images/essentials/perfect-cleansing-oil-9990000000122_1.jpg
Essentials,Single products (non-line cleansers),Deep Cleansing Foam,Cleanser (foam),Standard,$39.00,Foaming cleanser for oily & blemish-prone skin,Oily,Concern: Pore Minimizing,images/essentials/deep-cleansing-foam-0730852145283_1.jpg
Essentials,Single products (non-line cleansers),Complete Cleansing Microfoam,Cleanser (foam),Standard,$39.00,Oil-free instant foaming cleanser,Combination/Oily,Formula: Liquid,images/essentials/complete-cleansing-microfoam-0768614155942_1.jpg
Essentials,Single products (non-line cleansers),Essentials Instant Eye and Lip Makeup Remover,Makeup remover,Standard,$36.00,Removes waterproof/long-wear makeup,All,Best Seller,images/essentials/instant-eye-and-lip-makeup-remover-0730852143449_1.jpg
Essentials,Single products (non-line cleansers),Refreshing Cleansing Water,Cleanser (water),Standard,$36.00,Hydrates while removing makeup and oil,Combination/Dry/Oily,Formula: Liquid,images/essentials/refreshing-cleansing-water-0729238141681_1.jpg
Essentials,Single products (non-line cleansers),Extra Rich Cleansing Milk,Cleanser (milk),Standard,$39.00,Gentle moisturizing cleanser for dry skin,Dry,Currently out of stock,images/essentials/extra-rich-cleansing-milk-0730852145306_1.jpg
Essentials,Single products (non-line cleansers),Cleansing Massage Brush,Cleansing tool,Standard,$30.00,Massages skin to clean and improve circulation,All,Tool (non-formula),images/essentials/cleansing-massage-brush-0729238143432_1.jpg
Essentials,Single products (non-line cleansers),Eyelash Curler & Clarifying Cleansing Foam Bundle,Bundle,Standard,$56.10 (15% off $66.00),Bundle: lash curler + cleanser,Combination/Dry/Oily,Bundle,images/essentials/eyelash-curler-clarifying-cleansing-foam-bundle-66-value-newEyelashCurlerClarifyingFoamBundle_1.jpg
Essential Energy,Partial routine (moisturizer + SPF + set),Essential Energy Hydrating Cream,Moisturizer,50mL,$54.00,Purified Hyaluronic Acid; hydration & energizing,Combination/Dry/Oily,Concern: Deeply Hydrating,images/essential-energy/hydrating-cream-9990000000212_1.jpg
Essential Energy,Partial routine (moisturizer + SPF + set),Essential Energy Hydrating Cream,Moisturizer,50mL Refill,$46.00,Purified Hyaluronic Acid; hydration & energizing,Combination/Dry/Oily,Refillable Skincare,images/essential-energy/hydrating-cream-9990000000212_1.jpg
Essential Energy,Partial routine (moisturizer + SPF + set),Essential Energy Hydrating Day Cream Broad Spectrum SPF 20,Moisturizer + Sunscreen (day cream),Standard,$54.00,Daily hydration + SPF 20 broad spectrum,Combination/Dry/Oily,Face; entry-level sun protection,images/essential-energy/hydrating-day-cream-broad-spectrum-spf-20-0730852182875_1.jpg
Essential Energy,Partial routine (moisturizer + SPF + set),Essential Energy Nourish & Hydrate Set,Set,Set,$54.00 ($85 value),Bundled hydrating essentials,Combination/Dry/Oily,Set deal; 5.0 rating (12 reviews),images/essential-energy/nourish-hydrate-set-0195106533641_1.jpg
Benefiance,Full routine (serum/eye/day-SPF/night/cream/softener/mask),Treatment Softener,Softener/toner,150mL,$55.00,"Light, dewy softener for normal & oily skin",Normal/Oily,Best Seller,images/benefiance/treatment-softener-9990000000196_1.jpg
Benefiance,Full routine (serum/eye/day-SPF/night/cream/softener/mask),Treatment Softener,Softener/toner,300mL,$55.00,"Light, dewy softener for normal & oily skin",Normal/Oily,Best Seller,images/benefiance/treatment-softener-9990000000196_1.jpg
Benefiance,Full routine (serum/eye/day-SPF/night/cream/softener/mask),Treatment Softener Enriched,Softener/toner,150mL,$55.00,Hydrating softener for normal & dry skin,Normal/Dry,Best Seller,images/benefiance/treatment-softener-enriched-9990000000197_1.jpg
Benefiance,Full routine (serum/eye/day-SPF/night/cream/softener/mask),Treatment Softener Enriched,Softener/toner,300mL,$55.00,Hydrating softener for normal & dry skin,Normal/Dry,Best Seller,images/benefiance/treatment-softener-enriched-9990000000197_1.jpg
Benefiance,Full routine (serum/eye/day-SPF/night/cream/softener/mask),Benefiance Dark Spot and Wrinkle Smoothing Serum,Serum,30mL,$89.00,Dark spot correction + wrinkle smoothing,Combination/Dry/Oily,Best Seller; Concern: Brightening/Wrinkle Smoothing,images/benefiance/dark-spot-and-wrinkle-smoothing-serum-9990000000240_1.jpg
Benefiance,Full routine (serum/eye/day-SPF/night/cream/softener/mask),Benefiance Dark Spot and Wrinkle Smoothing Serum,Serum,50mL,$89.00,Dark spot correction + wrinkle smoothing,Combination/Dry/Oily,Best Seller; Concern: Brightening/Wrinkle Smoothing,images/benefiance/dark-spot-and-wrinkle-smoothing-serum-9990000000240_1.jpg
Benefiance,Full routine (serum/eye/day-SPF/night/cream/softener/mask),Benefiance Wrinkle Smoothing Eye Cream,Eye cream,Standard,$67.00,Wrinkle smoothing around eyes,Combination/Dry/Oily,Best Seller; Award Winner,images/benefiance/wrinkle-smoothing-eye-cream-0768614208570_1.jpg
Benefiance,Full routine (serum/eye/day-SPF/night/cream/softener/mask),Benefiance WrinkleResist24 Pure Retinol Express Smoothing Eye Mask,Eye mask,Standard,$75.00,Retinol under-eye mask for wrinkle smoothing,Combination/Dry/Oily,Concern: Wrinkle Smoothing,images/benefiance/wrinkleresist24-pure-retinol-express-smoothing-eye-mask-9990000000084_1.jpg
Benefiance,Full routine (serum/eye/day-SPF/night/cream/softener/mask),Benefiance Wrinkle Smoothing Day Cream SPF 23,Moisturizer + Sunscreen (day cream),Standard,$78.00,Daily wrinkle smoothing + SPF 23,Combination/Dry/Oily,Best Seller; Face SPF,images/benefiance/wrinkle-smoothing-day-cream-spf-23-0730852149519_1.jpg
Benefiance,Full routine (serum/eye/day-SPF/night/cream/softener/mask),Benefiance Overnight Wrinkle Resisting Cream,Moisturizer (night cream),Standard,$103.00,Overnight wrinkle-resisting treatment,Combination/Dry/Oily,Best Seller,images/benefiance/overnight-wrinkle-resisting-cream-0768614166597_1.jpg
Benefiance,Full routine (serum/eye/day-SPF/night/cream/softener/mask),Benefiance Wrinkle Smoothing Cream,Moisturizer,50mL,$78.00,Core wrinkle-smoothing moisturizer,Combination/Dry/Oily,Best Seller,images/benefiance/wrinkle-smoothing-cream-9990000000204_1.jpg
Benefiance,Full routine (serum/eye/day-SPF/night/cream/softener/mask),Benefiance Wrinkle Smoothing Cream,Moisturizer,75mL,$78.00,Core wrinkle-smoothing moisturizer,Combination/Dry/Oily,Best Seller,images/benefiance/wrinkle-smoothing-cream-9990000000204_1.jpg
Benefiance,Full routine (serum/eye/day-SPF/night/cream/softener/mask),Benefiance Wrinkle Smoothing Cream Enriched,Moisturizer,50mL,$78.00,Richer version for drier skin,Dry,Enriched formula,images/benefiance/wrinkle-smoothing-cream-enriched-9990000000205_1.jpg
Benefiance,Full routine (serum/eye/day-SPF/night/cream/softener/mask),Benefiance Brightening and Wrinkle Smoothing Cream,Moisturizer,50mL,$95.00,Brightening + wrinkle smoothing,Combination/Dry/Oily,Best Seller; Concern: Brightening,images/benefiance/brightening-and-wrinkle-smoothing-cream-9990000000241_1.jpg
Benefiance,Full routine (serum/eye/day-SPF/night/cream/softener/mask),Benefiance Brightening and Wrinkle Smoothing Cream,Moisturizer,50mL Refill,$95.00,Brightening + wrinkle smoothing,Combination/Dry/Oily,Refillable Skincare,images/benefiance/brightening-and-wrinkle-smoothing-cream-9990000000241_1.jpg
Benefiance,Full routine (serum/eye/day-SPF/night/cream/softener/mask),Benefiance Smooth & Strengthen Set,Set,Set,$78.00 ($147 value),Bundled serum/cream routine,Combination/Dry/Oily,Set deal,images/benefiance/smooth-strengthen-set-0195106533603_1.jpg
Benefiance,Full routine (serum/eye/day-SPF/night/cream/softener/mask),Eyelash Curler & Benefiance Eye Cream Bundle,Bundle,Standard,$80.75 (15% off $95.00),Lash curler + eye cream bundle,Combination/Dry/Oily,Bundle,images/benefiance/eyelash-curler-benefiance-eye-cream-bundle-95-value-newEyelashCurlerBNFEyeBundle_1.jpg
Vital Perfection,Full routine (serum/eye/day-SPF/cream/spot/mask),Vital Perfection LiftDefine Radiance Serum,Serum,40mL,$152.00,Lifting & firming radiance serum,Combination/Dry/Oily,Concern: Lifting & Firming; Out of stock,images/vital-perfection/liftdefine-radiance-serum-9990000000210_1.jpg
Vital Perfection,Full routine (serum/eye/day-SPF/cream/spot/mask),Vital Perfection LiftDefine Radiance Serum,Serum,80mL,$152.00,Lifting & firming radiance serum,Combination/Dry/Oily,Concern: Lifting & Firming; Out of stock,images/vital-perfection/liftdefine-radiance-serum-9990000000210_1.jpg
Vital Perfection,Full routine (serum/eye/day-SPF/cream/spot/mask),Vital Perfection LiftDefine Radiance Night Concentrate,Serum (night),Standard,$152.00,Night formula lifting & firming,Combination/Dry/Oily,Out of stock,images/vital-perfection/liftdefine-radiance-night-concentrate-0729238218260_1.jpg
Vital Perfection,Full routine (serum/eye/day-SPF/cream/spot/mask),Vital Perfection Intensive WrinkleSpot Treatment A+,Treatment (spot),Standard,$105.00,Targeted spot treatment for wrinkles,Combination/Dry/Oily,Concern: Wrinkle Smoothing,images/vital-perfection/intensive-wrinklespot-treatment-a-0729238222946_1.jpg
Vital Perfection,Full routine (serum/eye/day-SPF/cream/spot/mask),Vital Perfection Uplifting and Firming Advanced Eye Cream,Eye cream,Standard,$95.00,Advanced lifting & firming eye care,Combination/Dry/Oily,Concern: Lifting & Firming,images/vital-perfection/uplifting-and-firming-advanced-eye-cream-0768614222828_1.jpg
Vital Perfection,Full routine (serum/eye/day-SPF/cream/spot/mask),Vital Perfection Uplifting and Firming Express Eye Mask,Eye mask,Standard,$95.00,Retinol under-eye mask for lifting & firming,Combination/Dry/Oily,Concern: Lifting & Firming,images/vital-perfection/uplifting-and-firming-express-eye-mask-0729238163805_1.jpg
Vital Perfection,Full routine (serum/eye/day-SPF/cream/spot/mask),Vital Perfection LiftDefine Radiance Face Mask,Face mask,Standard,$115.00,Lifting & firming face & neck mask,Combination/Dry/Oily,Concern: Lifting & Firming,images/vital-perfection/liftdefine-radiance-face-mask-0729238169579_1.jpg
Vital Perfection,Full routine (serum/eye/day-SPF/cream/spot/mask),Vital Perfection Uplifting and Firming Advanced Day Cream SPF 30,Moisturizer + Sunscreen (day cream),50mL,$146.00,Daily lifting & firming + SPF 30,Combination/Dry/Oily,Best Seller; Face SPF,images/vital-perfection/uplifting-and-firming-advanced-day-cream-spf-30-9990000000238_1.jpg
Vital Perfection,Full routine (serum/eye/day-SPF/cream/spot/mask),Vital Perfection Uplifting and Firming Advanced Day Cream SPF 30,Moisturizer + Sunscreen (day cream),50mL Refill,$146.00,Daily lifting & firming + SPF 30,Combination/Dry/Oily,Refillable Skincare,images/vital-perfection/uplifting-and-firming-advanced-day-cream-spf-30-9990000000238_1.jpg
Vital Perfection,Full routine (serum/eye/day-SPF/cream/spot/mask),Vital Perfection Uplifting & Firming Advanced Cream,Moisturizer,50mL,$146.00,Core lifting & firming cream,Combination/Dry/Oily,Concern: Lifting & Firming,images/vital-perfection/uplifting-firming-advanced-cream-9990000000219_1.jpg
Vital Perfection,Full routine (serum/eye/day-SPF/cream/spot/mask),Vital Perfection Uplifting & Firming Advanced Cream,Moisturizer,50mL Refill,$146.00,Core lifting & firming cream,Combination/Dry/Oily,Refillable Skincare,images/vital-perfection/uplifting-firming-advanced-cream-9990000000219_1.jpg
Vital Perfection,Full routine (serum/eye/day-SPF/cream/spot/mask),Vital Perfection Concentrated Supreme Cream,Moisturizer,50mL,$165.00,Concentrated supreme anti-aging cream,Combination/Dry/Oily,Top-tier cream in line,images/vital-perfection/concentrated-supreme-cream-9990000000230_1.jpg
Vital Perfection,Full routine (serum/eye/day-SPF/cream/spot/mask),Vital Perfection Concentrated Supreme Cream,Moisturizer,50mL Refill,$165.00,Concentrated supreme anti-aging cream,Combination/Dry/Oily,Refillable Skincare,images/vital-perfection/concentrated-supreme-cream-9990000000230_1.jpg
Vital Perfection,Full routine (serum/eye/day-SPF/cream/spot/mask),Vital Perfection Lifting & Firming Eye Care Set,Set,Set,$95.00 ($159 value),Bundled eye care routine,Combination/Dry/Oily,Set deal,images/vital-perfection/lifting-firming-eye-care-set-0195106533627_1.jpg
Vital Perfection,Full routine (serum/eye/day-SPF/cream/spot/mask),Vital Perfection Firm & Sculpt Set,Set,Set,$146.00,Bundled cream-based contouring set,Combination/Dry/Oily,Set deal,images/vital-perfection/firm-sculpt-set-0195106533634_1.jpg
Bio-Performance,Partial routine (serum + cream),Bio-Performance Micro-Click Concentrate,Serum,Standard,$290.00,Next-gen targeted serum for wrinkles,Combination/Dry/Oily,High-end anti-aging,images/bio-performance/micro-click-concentrate-0729238218369_1.jpg
Bio-Performance,Partial routine (serum + cream),Bio-Performance Skin Filler Serums,Serum (2-step system),30mL x2,$308.00,2-step system for plump & firm skin,Combination/Dry/Oily,Concern: Deeply Hydrating/Anti-Aging,images/bio-performance/skin-filler-serums-9990000000222_1.jpg
Bio-Performance,Partial routine (serum + cream),Bio-Performance Skin Filler Serums,Serum (2-step system),30mL x2 Refill,$308.00,2-step system for plump & firm skin,Combination/Dry/Oily,Refillable Skincare,images/bio-performance/skin-filler-serums-9990000000222_1.jpg
Bio-Performance,Partial routine (serum + cream),Bio-Performance Advanced Super Revitalizing Cream,Moisturizer,50mL,$110.00,High-performance anti-aging moisturizer,Combination/Dry/Oily,Best Seller,images/bio-performance/bio-performance-advanced-super-revitalizing-cream-duo-280-value-newbioperformancecreamduo_1.jpg
Bio-Performance,Partial routine (serum + cream),Bio-Performance Advanced Super Revitalizing Cream,Moisturizer,75mL,$140.00,High-performance anti-aging moisturizer,Combination/Dry/Oily,Best Seller,images/bio-performance/bio-performance-advanced-super-revitalizing-cream-duo-280-value-newbioperformancecreamduo_1.jpg
Bio-Performance,Partial routine (serum + cream),Bio-Performance Advanced Super Revitalizing Cream Duo,Moisturizer (bundle),Duo,$224.00 (20% off $280.00),Two-pack of revitalizing cream,Combination/Dry/Oily,Bundle,images/bio-performance/bio-performance-advanced-super-revitalizing-cream-duo-280-value-newbioperformancecreamduo_1.jpg
Future Solution LX,Full routine (cleanser/softener/serum/eye/day-SPF/night + Legendary Enmei sub-line + suncare/makeup crossover),Future Solution LX Extra Rich Cleansing Foam,Cleanser (foam),Standard,$79.00,Rich foaming cleanser for smooth vibrant skin,Dry,Luxury tier,images/future-solution-lx/extra-rich-cleansing-foam-0768614212553_1.jpg
Future Solution LX,Full routine (cleanser/softener/serum/eye/day-SPF/night + Legendary Enmei sub-line + suncare/makeup crossover),Future Solution LX Concentrated Brightening Softener,Softener/toner,170mL,$129.00,Brightening softener smooths & clarifies,Combination/Dry/Oily,Concern: Brightening,images/future-solution-lx/concentrated-brightening-softener-9990000000224_1.jpg
Future Solution LX,Full routine (cleanser/softener/serum/eye/day-SPF/night + Legendary Enmei sub-line + suncare/makeup crossover),Future Solution LX Concentrated Brightening Softener,Softener/toner,170mL Refill,$129.00,Brightening softener smooths & clarifies,Combination/Dry/Oily,Refillable Skincare,images/future-solution-lx/concentrated-brightening-softener-9990000000224_1.jpg
Future Solution LX,Full routine (cleanser/softener/serum/eye/day-SPF/night + Legendary Enmei sub-line + suncare/makeup crossover),Future Solution LX Intensive Firming Brilliance Serum,Serum,50mL,$335.00,Intensive firming + brilliance,Combination/Dry/Oily,Luxury tier,images/future-solution-lx/intensive-firming-brilliance-serum-9990000000226_1.jpg
Future Solution LX,Full routine (cleanser/softener/serum/eye/day-SPF/night + Legendary Enmei sub-line + suncare/makeup crossover),Future Solution LX Intensive Firming Brilliance Serum,Serum,50mL Refill,$335.00,Intensive firming + brilliance,Combination/Dry/Oily,Refillable Skincare,images/future-solution-lx/intensive-firming-brilliance-serum-9990000000226_1.jpg
Future Solution LX,Full routine (cleanser/softener/serum/eye/day-SPF/night + Legendary Enmei sub-line + suncare/makeup crossover),Future Solution LX Eye and Lip Contour Regenerating Cream,Eye/lip cream,17mL,$175.00,Regenerating eye & lip contour cream,Combination/Dry/Oily,Luxury tier,images/future-solution-lx/eye-and-lip-contour-regenerating-cream-9990000000225_1.jpg
Future Solution LX,Full routine (cleanser/softener/serum/eye/day-SPF/night + Legendary Enmei sub-line + suncare/makeup crossover),Future Solution LX Eye and Lip Contour Regenerating Cream,Eye/lip cream,17mL Refill,$175.00,Regenerating eye & lip contour cream,Combination/Dry/Oily,Refillable Skincare,images/future-solution-lx/eye-and-lip-contour-regenerating-cream-9990000000225_1.jpg
Future Solution LX,Full routine (cleanser/softener/serum/eye/day-SPF/night + Legendary Enmei sub-line + suncare/makeup crossover),Future Solution LX Total Protective Cream SPF 30,Moisturizer + Sunscreen (day cream),50mL,$305.00,Daily protection + regeneration + SPF 30,Combination/Dry/Oily,Best Seller; Face SPF,images/future-solution-lx/total-protective-cream-spf-30-9990000000228_1.jpg
Future Solution LX,Full routine (cleanser/softener/serum/eye/day-SPF/night + Legendary Enmei sub-line + suncare/makeup crossover),Future Solution LX Total Protective Cream SPF 30,Moisturizer + Sunscreen (day cream),50mL Refill,$305.00,Daily protection + regeneration + SPF 30,Combination/Dry/Oily,Refillable Skincare,images/future-solution-lx/total-protective-cream-spf-30-9990000000228_1.jpg
Future Solution LX,Full routine (cleanser/softener/serum/eye/day-SPF/night + Legendary Enmei sub-line + suncare/makeup crossover),Future Solution LX Total Regenerating Cream,Moisturizer (night cream),50mL,$305.00,Total night regeneration,Combination/Dry/Oily,Luxury tier,images/future-solution-lx/total-regenerating-cream-9990000000227_1.jpg
Future Solution LX,Full routine (cleanser/softener/serum/eye/day-SPF/night + Legendary Enmei sub-line + suncare/makeup crossover),Future Solution LX Total Regenerating Cream,Moisturizer (night cream),50mL Refill,$305.00,Total night regeneration,Combination/Dry/Oily,Refillable Skincare,images/future-solution-lx/total-regenerating-cream-9990000000227_1.jpg
Future Solution LX,Full routine (cleanser/softener/serum/eye/day-SPF/night + Legendary Enmei sub-line + suncare/makeup crossover),Future Solution LX Universal Defense SPF 50,Sunscreen (cream),Standard,$120.00,Face sunscreen SPF 50,Combination/Dry/Oily,Also cross-sold in Men's line,images/future-solution-lx/universal-defense-spf-50-0730852213104_1.jpg
Future Solution LX,Full routine (cleanser/softener/serum/eye/day-SPF/night + Legendary Enmei sub-line + suncare/makeup crossover),Future Solution LX Infinite Treatment Primer SPF 30,Makeup primer + Sunscreen,Standard,$78.00,Primer with SPF 30,Combination/Dry/Oily,Out of stock; makeup crossover,images/future-solution-lx/infinite-treatment-primer-spf-30-0730852181205_1.jpg
Future Solution LX,Full routine (cleanser/softener/serum/eye/day-SPF/night + Legendary Enmei sub-line + suncare/makeup crossover),Future Solution LX Total Radiance Loose Powder,Powder (makeup),Standard,$97.00,Radiance-boosting finishing powder,Combination/Dry/Oily,Makeup crossover,images/future-solution-lx/total-radiance-loose-powder-0729238212473_1.jpg
Future Solution LX,Legendary Enmei sub-line (ultra-luxury capsule: cream/serum/eye cream),Future Solution LX Legendary Enmei Ultimate Renewing Cream,Moisturizer,Standard,$580.00,Multi-solution ultimate renewing cream,Combination/Dry/Oily,Top of range,images/future-solution-lx/legendary-enmei-ultimate-renewing-cream-0729238212466_1.jpg
Future Solution LX,Legendary Enmei sub-line (ultra-luxury capsule: cream/serum/eye cream),Future Solution LX Legendary Enmei Ultimate Luminance Serum,Serum,Standard,$480.00,Ultimate luminance serum,Combination/Dry/Oily,Top of range,images/future-solution-lx/legendary-enmei-ultimate-luminance-serum-0729238212459_1.jpg
Future Solution LX,Legendary Enmei sub-line (ultra-luxury capsule: cream/serum/eye cream),Future Solution LX Legendary Enmei Ultimate Brilliance Eye Cream,Eye cream,Standard,$355.00,Ultimate brilliance eye cream,Combination/Dry/Oily,Top of range,images/future-solution-lx/future-solution-lx-legendary-enmei-ultimate-brilliance-eye-cream-0729238208490_1.jpg
Ultimune,Booster/add-on (serum family; layers onto any routine),Ultimune Power Infusing Serum,Serum,30mL,$160.00,Immune-focused serum; ImuGeneration Technology,Combination/Dry/Oily,Best Seller,images/ultimune/ultimune-power-infusing-serum-benefiance-eye-cream-bundle-187-value-newultimuneeyecreambundle_1.jpg
Ultimune,Booster/add-on (serum family; layers onto any routine),Ultimune Power Infusing Serum,Serum,50mL,$160.00,Immune-focused serum; ImuGeneration Technology,Combination/Dry/Oily,Best Seller,images/ultimune/ultimune-power-infusing-serum-benefiance-eye-cream-bundle-187-value-newultimuneeyecreambundle_1.jpg
Ultimune,Booster/add-on (serum family; layers onto any routine),Ultimune Power Infusing Serum,Serum,75mL,$160.00,Immune-focused serum; ImuGeneration Technology,Combination/Dry/Oily,Best Seller,images/ultimune/ultimune-power-infusing-serum-benefiance-eye-cream-bundle-187-value-newultimuneeyecreambundle_1.jpg
Ultimune,Booster/add-on (serum family; layers onto any routine),Ultimune Power Infusing Serum,Serum,120mL,$160.00,Immune-focused serum; ImuGeneration Technology,Combination/Dry/Oily,Best Seller,images/ultimune/ultimune-power-infusing-serum-benefiance-eye-cream-bundle-187-value-newultimuneeyecreambundle_1.jpg
Ultimune,Booster/add-on (serum family; layers onto any routine),Ultimune Power Infusing Serum,Serum,75mL Refill,$160.00,Immune-focused serum; ImuGeneration Technology,Combination/Dry/Oily,Refillable Skincare,images/ultimune/ultimune-power-infusing-serum-benefiance-eye-cream-bundle-187-value-newultimuneeyecreambundle_1.jpg
Ultimune,Booster/add-on (serum family; layers onto any routine),Ultimune Power Infusing Oil,Facial oil,Standard,$75.00,Multi-use hydrating oil,Combination/Dry/Oily,Limited Edition; New,images/ultimune/power-infusing-oil-0729238231924_1.jpg
Ultimune,Booster/add-on (serum family; layers onto any routine),Ultimune Future Power Shot,Treatment (concentrate),Standard,$75.00,Concentrated immune-boosting treatment,Combination/Dry/Oily,Last Chance,images/ultimune/future-power-shot-0729238213098_1.jpg
Ultimune,Booster/add-on (serum family; layers onto any routine),Ultimune Correct & Prevent Set,Set,Set,$160.00 ($266 value),Bundled correct & prevent routine,Combination/Dry/Oily,5.0 rating (10 reviews),images/ultimune/correct-prevent-set-0195106533658_1.jpg
Ultimune,Booster/add-on (serum family; layers onto any routine),Ultimune Power Infusing Serum & Eudermine Bundle,Bundle (cross-collection),Standard,$183.60 (15% off $216.00),Serum + Eudermine essence bundle,Combination/Dry/Oily,Cross-collection bundle,images/ultimune/ultimune-power-infusing-serum-eudermine-bundle-216-value-newultimuneeuderminebundle_1.jpg
Ultimune,Booster/add-on (serum family; layers onto any routine),Ultimune Power Infusing Serum & Refill Bundle,Bundle,Standard,$251.60 (15% off $296.00),Serum + refill bundle,Combination/Dry/Oily,Bundle,images/ultimune/ultimune-power-infusing-serum-refill-bundle-296-value-newultimuneserumduo_1.jpg
Ultimune,Booster/add-on (serum family; layers onto any routine),Ultimune Power Infusing Serum & Benefiance Eye Cream Bundle,Bundle (cross-collection),Standard,$158.95 (15% off $187.00),Serum + Benefiance eye cream bundle,Combination/Dry/Oily,Cross-collection bundle,images/ultimune/ultimune-power-infusing-serum-benefiance-eye-cream-bundle-187-value-newultimuneeyecreambundle_1.jpg
Eudermine,Single heritage product (softener/essence),Eudermine Activating Essence,Essence/softener,145mL,$96.00,"2x Hyaluronic Acid, Vitamin C, Kefir & Yuzu extract; 24h hydration",All,Best Seller; heritage 1897 formula,images/eudermine/activating-essence-9990000000221_1.jpg
Eudermine,Single heritage product (softener/essence),Eudermine Activating Essence,Essence/softener,145mL Refill,$96.00,"2x Hyaluronic Acid, Vitamin C, Kefir & Yuzu extract; 24h hydration",All,Refillable Skincare,images/eudermine/activating-essence-9990000000221_1.jpg
Urban Environment,Sunscreen-only line (daily antioxidant suncare),Urban Environment Oil-Control Sunscreen SPF 40,Sunscreen (lotion),30mL,$52.00,Oil-free daily lotion; antioxidant,Oily/Combination,Best Seller; Face,images/urban-environment/urban-environment-oil-control-sunscreen-spf-40-9990000000214_1.jpg
Urban Environment,Sunscreen-only line (daily antioxidant suncare),Urban Environment Oil-Control Sunscreen SPF 40,Sunscreen (lotion),50mL,$52.00,Oil-free daily lotion; antioxidant,Oily/Combination,Best Seller; Face,images/urban-environment/urban-environment-oil-control-sunscreen-spf-40-9990000000214_1.jpg
Urban Environment,Sunscreen-only line (daily antioxidant suncare),Urban Environment Oil-Control Sunscreen SPF 40,Sunscreen (lotion),143mL,$52.00,Oil-free daily lotion; antioxidant,Oily/Combination,Best Seller; Face,images/urban-environment/urban-environment-oil-control-sunscreen-spf-40-9990000000214_1.jpg
Urban Environment,Sunscreen-only line (daily antioxidant suncare),Urban Environment Vita-Clear Sunscreen SPF 42,Sunscreen,Standard,$39.00,Vitamin C-infused sunscreen,Combination/Dry/Oily,Face,images/urban-environment/vita-clear-sunscreen-spf-42-0730852195479_1.jpg
Urban Environment,Sunscreen-only line (daily antioxidant suncare),Urban Environment Fresh-Moisture Sunscreen SPF 40,Sunscreen (cream),Standard,$39.00,Hydrating cream sunscreen,Dry,Face,images/urban-environment/fresh-moisture-sunscreen-spf-40-0730852182103_1.jpg
Urban Environment,Sunscreen-only line (daily antioxidant suncare),Urban Environment Mineral Clear Sunscreen SPF 50,Sunscreen (mineral),30mL,$39.00,100% mineral actives,Combination/Dry/Oily,New Size; Allure seal; Face,images/urban-environment/mineral-clear-sunscreen-spf-50-9990000000243_1.jpg
Urban Environment,Sunscreen-only line (daily antioxidant suncare),Urban Environment Mineral Clear Sunscreen SPF 50,Sunscreen (mineral),50mL,$39.00,100% mineral actives,Combination/Dry/Oily,New Size; Allure seal; Face,images/urban-environment/mineral-clear-sunscreen-spf-50-9990000000243_1.jpg
Urban Environment,Sunscreen-only line (daily antioxidant suncare),Urban Environment Daily Suncare Set,Set,Set,$53.00 ($78 value),Bundled daily suncare routine,Combination/Dry/Oily,Set deal,images/urban-environment/daily-suncare-set-0195106533580_1.jpg
Urban Environment,Sunscreen-only line (daily antioxidant suncare),Ultimate & Urban Mineral Sunscreen Bundle,Bundle (cross-collection),Standard,$55.25 (15% off $65.00),Mineral sunscreen cross-line bundle,Combination/Dry/Oily,Cross-collection bundle,images/urban-environment/ultimate-urban-mineral-sunscreen-bundle-65-value-newUrbanUltimateMineralBundle_1.jpg
Ultimate Sun,Sunscreen-only line (higher-SPF/sport suncare),Ultimate Sun Protector Clear Stick SPF 60+,Sunscreen (stick),20g,$33.00,Clear stick; sweat/water resistant,Combination/Dry/Oily,Best Seller; Face,images/ultimate-sun/ultimate-sun-protector-clear-stick-spf-60-duo-66-value-SunscreenStickDuo_1.jpg
Ultimate Sun,Sunscreen-only line (higher-SPF/sport suncare),Ultimate Sun Protector Clear Stick SPF 60+,Sunscreen (stick),60g (Jumbo),$33.00,Clear stick; sweat/water resistant,Combination/Dry/Oily,Best Seller; Face,images/ultimate-sun/ultimate-sun-protector-clear-stick-spf-60-duo-66-value-SunscreenStickDuo_1.jpg
Ultimate Sun,Sunscreen-only line (higher-SPF/sport suncare),Ultimate Sun Protector Cream SPF 50,Sunscreen (cream),Standard,$44.00,Daily face sunscreen cream,Combination/Dry/Oily,Face,images/ultimate-sun/sun-protector-cream-spf-50-0730852224728_1.jpg
Ultimate Sun,Sunscreen-only line (higher-SPF/sport suncare),Ultimate Sun Protector Lotion Mineral SPF 60+,Sunscreen (mineral lotion),50mL,$52.00,Mineral formula; face & body,Combination/Dry/Oily,New; Face & Body,images/ultimate-sun/sun-protector-lotion-mineral-spf-60-9990000000233_1.jpg
Ultimate Sun,Sunscreen-only line (higher-SPF/sport suncare),Ultimate Sun Protector Lotion Mineral SPF 60+,Sunscreen (mineral lotion),150mL,$52.00,Mineral formula; face & body,Combination/Dry/Oily,New; Face & Body,images/ultimate-sun/sun-protector-lotion-mineral-spf-60-9990000000233_1.jpg
Ultimate Sun,Sunscreen-only line (higher-SPF/sport suncare),Ultimate Sun Protector Lotion SPF 60+,Sunscreen (lotion),50mL,$52.00,High-SPF face lotion,Combination/Dry/Oily,Face,images/ultimate-sun/sun-protector-lotion-spf-60-9990000000220_1.jpg
Ultimate Sun,Sunscreen-only line (higher-SPF/sport suncare),Ultimate Sun Protector Lotion SPF 60+,Sunscreen (lotion),150mL,$52.00,High-SPF face lotion,Combination/Dry/Oily,Face,images/ultimate-sun/sun-protector-lotion-spf-60-9990000000220_1.jpg
Ultimate Sun,Sunscreen-only line (higher-SPF/sport suncare),Ultimate Sun Protector Lotion SPF 60+,Sunscreen (lotion),300mL,$52.00,High-SPF face lotion,Combination/Dry/Oily,Face,images/ultimate-sun/sun-protector-lotion-spf-60-9990000000220_1.jpg
Ultimate Sun,Sunscreen-only line (higher-SPF/sport suncare),Ultimate Sun Active Sun Protection Set,Set,Set,$52.00 ($83 value),Bundled active sun protection,Combination/Dry/Oily,Set deal,images/ultimate-sun/active-sun-protection-set-0195106533573_1.jpg
Ultimate Sun,Sunscreen-only line (higher-SPF/sport suncare),Ultimate Sun Clear Stick SPF 60+ Mini & Jumbo Duo,Bundle,Standard,$84.15 (15% off $99.00),Mini + Jumbo stick duo,Combination/Dry/Oily,Bundle,images/ultimate-sun/ultimate-sun-clear-stick-spf-60-mini-jumbo-duo-99-value-SunscreenStickminijumbo_1.jpg
Ultimate Sun,Sunscreen-only line (higher-SPF/sport suncare),Ultimate Sun Protector Clear Stick SPF 60+ Duo,Bundle,Standard,$56.10 (15% off $66.00),Two-pack of clear stick,Combination/Dry/Oily,Bundle,images/ultimate-sun/ultimate-sun-protector-clear-stick-spf-60-duo-66-value-SunscreenStickDuo_1.jpg
Ultimate Sun,Sunscreen-only line (higher-SPF/sport suncare),Active Sunscreen Bundle,Bundle (cross-collection),Standard,$72.25 (15% off $85.00),Cross-line active sunscreen bundle,Combination/Dry/Oily,Bundle,images/ultimate-sun/travel-ready-active-sunscreen-bundle-59-value-SunscreenStickUlimateMiniBundle_1.jpg
Ultimate Sun,Sunscreen-only line (higher-SPF/sport suncare),Travel-Ready Active Sunscreen Bundle,Bundle (cross-collection),Standard,$50.15 (15% off $59.00),Travel-size cross-line bundle,Combination/Dry/Oily,Bundle,images/ultimate-sun/travel-ready-active-sunscreen-bundle-59-value-SunscreenStickUlimateMiniBundle_1.jpg
Shiseido Men,"Full men's routine (own cleanser/lotion/moisturizer/eye/cream, plus cross-branded Ultimune serum and Ultimate Sun/Urban Environment/Future Solution LX sunscreens)",Shiseido Men Face Cleanser,Cleanser (also shaving cream),Standard,$33.00,Dual-purpose cleanser + shaving cream,Combination/Dry/Oily,Men's line,images/shiseido-men/face-cleanser-0768614171522_1.jpg
Shiseido Men,"Full men's routine (own cleanser/lotion/moisturizer/eye/cream, plus cross-branded Ultimune serum and Ultimate Sun/Urban Environment/Future Solution LX sunscreens)",Shiseido Men Hydrating Lotion,Softener/lotion,Standard,$38.00,Hydrating toner-lotion,Combination/Dry/Oily,Men's line,images/shiseido-men/hydrating-lotion-0729238208506_1.jpg
Shiseido Men,"Full men's routine (own cleanser/lotion/moisturizer/eye/cream, plus cross-branded Ultimune serum and Ultimate Sun/Urban Environment/Future Solution LX sunscreens)",Shiseido Men Energizing Moisturizer Extra Light Fluid,Moisturizer,Standard,$48.00,Lightweight energizing fluid moisturizer,Combination/Oily,Men's line,images/shiseido-men/energizing-moisturizer-extra-light-fluid-0729238171541_1.jpg
Shiseido Men,"Full men's routine (own cleanser/lotion/moisturizer/eye/cream, plus cross-branded Ultimune serum and Ultimate Sun/Urban Environment/Future Solution LX sunscreens)",Shiseido Men Total Revitalizer Eye Cream,Eye cream,Standard,$54.00,Revitalizing eye cream,Combination/Dry/Oily,Men's line,images/shiseido-men/total-revitalizer-eye-cream-0729238184107_1.jpg
Shiseido Men,"Full men's routine (own cleanser/lotion/moisturizer/eye/cream, plus cross-branded Ultimune serum and Ultimate Sun/Urban Environment/Future Solution LX sunscreens)",Shiseido Men Total Revitalizer Cream,Moisturizer,Standard,$81.00,Revitalizing cream moisturizer,Combination/Dry/Oily,Men's line,images/shiseido-men/total-revitalizer-cream-0729238184084_1.jpg
Shiseido Men,"Full men's routine (own cleanser/lotion/moisturizer/eye/cream, plus cross-branded Ultimune serum and Ultimate Sun/Urban Environment/Future Solution LX sunscreens)",Shiseido Men Ultimune Power Infusing Serum,Serum,Standard,$120.00,Immune-focused serum (men's packaging),Combination/Dry/Oily,Cross-branded from Ultimune,images/shiseido-men/ultimune-power-infusing-serum-0768614228455_1.jpg
Shiseido Men,"Full men's routine (own cleanser/lotion/moisturizer/eye/cream, plus cross-branded Ultimune serum and Ultimate Sun/Urban Environment/Future Solution LX sunscreens)",Ultimate Sun Protector Cream SPF 50 (Men's),Sunscreen (cream),Standard,$44.00,Daily face sunscreen cream,Combination/Dry/Oily,Cross-branded from Ultimate Sun,images/ultimate-sun/sun-protector-cream-spf-50-0730852224728_1.jpg
Shiseido Men,"Full men's routine (own cleanser/lotion/moisturizer/eye/cream, plus cross-branded Ultimune serum and Ultimate Sun/Urban Environment/Future Solution LX sunscreens)",Future Solution LX Universal Defense SPF 50 (Men's),Sunscreen (cream),Standard,$120.00,Face sunscreen SPF 50,Combination/Dry/Oily,Cross-branded from Future Solution LX,images/future-solution-lx/universal-defense-spf-50-0730852213104_1.jpg
Shiseido Men,"Full men's routine (own cleanser/lotion/moisturizer/eye/cream, plus cross-branded Ultimune serum and Ultimate Sun/Urban Environment/Future Solution LX sunscreens)",Ultimate Sun Protector Clear Stick SPF 60+ (Men's),Sunscreen (stick),20g,$33.00,Clear stick sunscreen,Combination/Dry/Oily,Cross-branded from Ultimate Sun,images/ultimate-sun/protector-clear-stick-spf-60-9990000000239_1.jpg
Shiseido Men,"Full men's routine (own cleanser/lotion/moisturizer/eye/cream, plus cross-branded Ultimune serum and Ultimate Sun/Urban Environment/Future Solution LX sunscreens)",Ultimate Sun Protector Clear Stick SPF 60+ (Men's),Sunscreen (stick),60g,$33.00,Clear stick sunscreen,Combination/Dry/Oily,Cross-branded from Ultimate Sun,images/ultimate-sun/protector-clear-stick-spf-60-9990000000239_1.jpg
Shiseido Men,"Full men's routine (own cleanser/lotion/moisturizer/eye/cream, plus cross-branded Ultimune serum and Ultimate Sun/Urban Environment/Future Solution LX sunscreens)",Urban Environment Mineral Clear Sunscreen SPF 50 (Men's),Sunscreen (mineral),30mL,$39.00,100% mineral actives,Combination/Dry/Oily,Cross-branded from Urban Environment,images/urban-environment/mineral-clear-sunscreen-spf-50-9990000000243_1.jpg
Shiseido Men,"Full men's routine (own cleanser/lotion/moisturizer/eye/cream, plus cross-branded Ultimune serum and Ultimate Sun/Urban Environment/Future Solution LX sunscreens)",Urban Environment Mineral Clear Sunscreen SPF 50 (Men's),Sunscreen (mineral),50mL,$39.00,100% mineral actives,Combination/Dry/Oily,Cross-branded from Urban Environment,images/urban-environment/mineral-clear-sunscreen-spf-50-9990000000243_1.jpg
Shiseido Men,"Full men's routine (own cleanser/lotion/moisturizer/eye/cream, plus cross-branded Ultimune serum and Ultimate Sun/Urban Environment/Future Solution LX sunscreens)",Urban Environment Oil-Control Sunscreen SPF 40 (Men's),Sunscreen (lotion),30mL,$52.00,Oil-free daily lotion,Combination/Oily,Cross-branded from Urban Environment,images/urban-environment/urban-environment-oil-control-sunscreen-spf-40-9990000000214_1.jpg
Shiseido Men,"Full men's routine (own cleanser/lotion/moisturizer/eye/cream, plus cross-branded Ultimune serum and Ultimate Sun/Urban Environment/Future Solution LX sunscreens)",Urban Environment Oil-Control Sunscreen SPF 40 (Men's),Sunscreen (lotion),50mL,$52.00,Oil-free daily lotion,Combination/Oily,Cross-branded from Urban Environment,images/urban-environment/urban-environment-oil-control-sunscreen-spf-40-9990000000214_1.jpg
Shiseido Men,"Full men's routine (own cleanser/lotion/moisturizer/eye/cream, plus cross-branded Ultimune serum and Ultimate Sun/Urban Environment/Future Solution LX sunscreens)",Urban Environment Oil-Control Sunscreen SPF 40 (Men's),Sunscreen (lotion),143mL,$52.00,Oil-free daily lotion,Combination/Oily,Cross-branded from Urban Environment,images/urban-environment/urban-environment-oil-control-sunscreen-spf-40-9990000000214_1.jpg
Shiseido Men,"Full men's routine (own cleanser/lotion/moisturizer/eye/cream, plus cross-branded Ultimune serum and Ultimate Sun/Urban Environment/Future Solution LX sunscreens)",Urban Environment Fresh-Moisture Sunscreen SPF 40 (Men's),Sunscreen (cream),Standard,$39.00,Hydrating cream sunscreen,Dry,Cross-branded from Urban Environment,images/urban-environment/fresh-moisture-sunscreen-spf-40-0730852182103_1.jpg
Shiseido Men,"Full men's routine (own cleanser/lotion/moisturizer/eye/cream, plus cross-branded Ultimune serum and Ultimate Sun/Urban Environment/Future Solution LX sunscreens)",Shiseido Men's Cleanse & Moisturize Set,Set,Set,$90.00 ($132 value),Bundled cleanse & moisturize routine,Combination/Dry/Oily,Set deal,images/shiseido-men/cleanse-moisturize-set-0195106533665_1.jpg
Shiseido Men,"Full men's routine (own cleanser/lotion/moisturizer/eye/cream, plus cross-branded Ultimune serum and Ultimate Sun/Urban Environment/Future Solution LX sunscreens)",Men's Strengthening Bundle,Bundle,Standard,$170.85 ($201 value),Bundled strengthening routine,Combination/Dry/Oily,Bundle,images/shiseido-men/mens-strengthening-bundle-201-value-newMensStrengtheningBundle_1.jpg
Shiseido Men,"Full men's routine (own cleanser/lotion/moisturizer/eye/cream, plus cross-branded Ultimune serum and Ultimate Sun/Urban Environment/Future Solution LX sunscreens)",Men's Basics Bundle,Bundle,Standard,$73.10 ($86 value),Bundled basics routine,Combination/Dry/Oily,Bundle,images/shiseido-men/mens-basics-bundle-86-value-newmensbasicsbundle_1.jpg
Shiseido Men,"Full men's routine (own cleanser/lotion/moisturizer/eye/cream, plus cross-branded Ultimune serum and Ultimate Sun/Urban Environment/Future Solution LX sunscreens)",Men's Hydrating Bundle,Bundle,Standard,$101.15 ($119 value),Bundled hydrating routine,Combination/Dry/Oily,Bundle,images/shiseido-men/mens-hydrating-bundle-119-value-newmenshydratingbundle_1.png
Shiseido Men,"Full men's routine (own cleanser/lotion/moisturizer/eye/cream, plus cross-branded Ultimune serum and Ultimate Sun/Urban Environment/Future Solution LX sunscreens)",Men's Eye Care Bundle,Bundle,Standard,$109.65 ($135 value),Bundled eye care routine,Combination/Dry/Oily,Bundle,images/shiseido-men/mens-eye-care-bundle-135-value-newmenseyecarebundle_1.jpg
